<?xml version="1.0" encoding="UTF-8"?>
<project-private xmlns="http://www.netbeans.org/ns/project-private/1">
    <editor-bookmarks xmlns="http://www.netbeans.org/ns/editor-bookmarks/2" lastBookmarkId="0"/>
    <open-files xmlns="http://www.netbeans.org/ns/projectui-open-files/2">
        <group>
            <file>file:/C:/xampp/htdocs/OMERTSS/mysql_connect.php</file>
            <file>file:/C:/xampp/htdocs/OMERTSS/registerroute.php</file>
            <file>file:/C:/xampp/htdocs/OMERTSS/register_schedule_3.php</file>
            <file>file:/C:/xampp/htdocs/OMERTSS/confirm_ticket_payment.php</file>
            <file>file:/C:/xampp/htdocs/OMERTSS/closestation.php</file>
            <file>file:/C:/xampp/htdocs/OMERTSS/login.php</file>
            <file>file:/C:/xampp/htdocs/OMERTSS/search.php</file>
            <file>file:/C:/xampp/htdocs/OMERTSS/booking.php</file>
        </group>
    </open-files>
</project-private>
